<?xml version="1.0" encoding="UTF-8"?>
<GenRun Id="impl_1" LaunchPart="xc7a35tcpg236-1" LaunchTime="1690262164">
  <File Type="ROUTE-PWR" Name="TOP_module_power_routed.rpt"/>
  <File Type="PA-TCL" Name="TOP_module.tcl"/>
  <File Type="ROUTE-PWR-SUM" Name="TOP_module_power_summary_routed.pb"/>
  <File Type="REPORTS-TCL" Name="TOP_module_reports.tcl"/>
  <File Type="BITSTR-MSK" Name="TOP_module.msk"/>
  <File Type="ROUTE-CLK" Name="TOP_module_clock_utilization_routed.rpt"/>
  <File Type="RDI-RDI" Name="TOP_module.vdi"/>
  <File Type="BG-BIT" Name="TOP_module.bit"/>
  <File Type="BG-DRC" Name="TOP_module.drc"/>
  <File Type="BG-BGN" Name="TOP_module.bgn"/>
  <File Type="BG-BIN" Name="TOP_module.bin"/>
  <File Type="BITSTR-RBT" Name="TOP_module.rbt"/>
  <File Type="BITSTR-NKY" Name="TOP_module.nky"/>
  <File Type="BITSTR-BMM" Name="TOP_module_bd.bmm"/>
  <File Type="BITSTR-MMI" Name="TOP_module.mmi"/>
  <File Type="ROUTE-METHODOLOGY-DRC" Name="TOP_module_methodology_drc_routed.rpt"/>
  <File Type="BITSTR-SYSDEF" Name="TOP_module.sysdef"/>
  <File Type="BITSTR-LTX" Name="debug_nets.ltx"/>
  <File Type="BITSTR-LTX" Name="TOP_module.ltx"/>
  <File Type="WBT-USG" Name="usage_statistics_webtalk.html"/>
  <File Type="OPT-DRC" Name="TOP_module_drc_opted.rpt"/>
  <File Type="OPT-HWDEF" Name="TOP_module.hwdef"/>
  <File Type="PLACE-IO" Name="TOP_module_io_placed.rpt"/>
  <File Type="PLACE-UTIL" Name="TOP_module_utilization_placed.rpt"/>
  <File Type="PLACE-UTIL-PB" Name="TOP_module_utilization_placed.pb"/>
  <File Type="PLACE-CTRL" Name="TOP_module_control_sets_placed.rpt"/>
  <File Type="PLACE-PRE-SIMILARITY" Name="TOP_module_incremental_reuse_pre_placed.rpt"/>
  <File Type="ROUTE-DRC" Name="TOP_module_drc_routed.rpt"/>
  <File Type="ROUTE-DRC-PB" Name="TOP_module_drc_routed.pb"/>
  <File Type="ROUTE-PWR-RPX" Name="TOP_module_power_routed.rpx"/>
  <File Type="ROUTE-STATUS" Name="TOP_module_route_status.rpt"/>
  <File Type="ROUTE-STATUS-PB" Name="TOP_module_route_status.pb"/>
  <File Type="ROUTE-DCP" Name="TOP_module_routed.dcp"/>
  <File Type="ROUTE-ERROR-DCP" Name="TOP_module_routed_error.dcp"/>
  <File Type="ROUTE-BLACKBOX-DCP" Name="TOP_module_routed_bb.dcp"/>
  <File Type="ROUTE-TIMINGSUMMARY" Name="TOP_module_timing_summary_routed.rpt"/>
  <File Type="ROUTE-TIMING-PB" Name="TOP_module_timing_summary_routed.pb"/>
  <File Type="ROUTE-TIMING-RPX" Name="TOP_module_timing_summary_routed.rpx"/>
  <File Type="ROUTE-BUS-SKEW" Name="TOP_module_bus_skew_routed.rpt"/>
  <File Type="ROUTE-BUS-SKEW-PB" Name="TOP_module_bus_skew_routed.pb"/>
  <File Type="ROUTE-BUS-SKEW-RPX" Name="TOP_module_bus_skew_routed.rpx"/>
  <File Type="OPT-DCP" Name="TOP_module_opt.dcp"/>
  <File Type="PLACE-DCP" Name="TOP_module_placed.dcp"/>
  <File Type="PWROPT-DCP" Name="TOP_module_pwropt.dcp"/>
  <File Type="POSTPLACE-PWROPT-DCP" Name="TOP_module_postplace_pwropt.dcp"/>
  <File Type="PHYSOPT-DCP" Name="TOP_module_physopt.dcp"/>
  <File Type="POSTROUTE-PHYSOPT-DCP" Name="TOP_module_postroute_physopt.dcp"/>
  <File Type="POSTROUTE-PHYSOPT-BLACKBOX-DCP" Name="TOP_module_postroute_physopt_bb.dcp"/>
  <File Type="ROUTE-METHODOLOGY-DRC-PB" Name="TOP_module_methodology_drc_routed.pb"/>
  <File Type="ROUTE-DRC-RPX" Name="TOP_module_drc_routed.rpx"/>
  <File Type="ROUTE-METHODOLOGY-DRC-RPX" Name="TOP_module_methodology_drc_routed.rpx"/>
  <File Type="PDI-FILE" Name="TOP_module.pdi"/>
  <File Type="RCFI_FILE" Name="TOP_module.rcfi"/>
  <File Type="CFI_FILE" Name="TOP_module.cfi"/>
  <File Type="RNPI_FILE" Name="TOP_module.rnpi"/>
  <File Type="NPI_FILE" Name="TOP_module.npi"/>
  <File Type="RBD_FILE" Name="TOP_module.rbd"/>
  <File Type="ROUTE-RQS" Name="TOP_module_routed.rqs"/>
  <File Type="POSTROUTE-PHYSOPT-RQS" Name="TOP_module_postroute_physopted.rqs"/>
  <File Type="ROUTE-RQS-RPT" Name="route_report_qor_suggestions_0.rpt"/>
  <File Type="POSTROUTE-PHYSOPT-RQS-RPT" Name="postroute_physopt_report_qor_suggestions_0.rpt"/>
  <FileSet Name="sources" Type="DesignSrcs" RelSrcDir="$PSRCDIR/sources_1" RelGenDir="$PGENDIR/sources_1">
    <Filter Type="Srcs"/>
    <File Path="$PSRCDIR/sources_1/new/but_edge.v">
      <FileInfo>
        <Attr Name="UsedIn" Val="synthesis"/>
        <Attr Name="UsedIn" Val="implementation"/>
        <Attr Name="UsedIn" Val="simulation"/>
      </FileInfo>
    </File>
    <File Path="$PSRCDIR/sources_1/new/dec_counter.v">
      <FileInfo>
        <Attr Name="UsedIn" Val="synthesis"/>
        <Attr Name="UsedIn" Val="implementation"/>
        <Attr Name="UsedIn" Val="simulation"/>
      </FileInfo>
    </File>
    <File Path="$PSRCDIR/sources_1/new/digit4_counter.v">
      <FileInfo>
        <Attr Name="UsedIn" Val="synthesis"/>
        <Attr Name="UsedIn" Val="implementation"/>
        <Attr Name="UsedIn" Val="simulation"/>
      </FileInfo>
    </File>
    <File Path="$PSRCDIR/sources_1/new/gen_clk.v">
      <FileInfo>
        <Attr Name="UsedIn" Val="synthesis"/>
        <Attr Name="UsedIn" Val="implementation"/>
        <Attr Name="UsedIn" Val="simulation"/>
      </FileInfo>
    </File>
    <File Path="$PSRCDIR/sources_1/new/hex_counter.v">
      <FileInfo>
        <Attr Name="UsedIn" Val="synthesis"/>
        <Attr Name="UsedIn" Val="implementation"/>
        <Attr Name="UsedIn" Val="simulation"/>
      </FileInfo>
    </File>
    <File Path="$PSRCDIR/sources_1/new/mux2.v">
      <FileInfo>
        <Attr Name="UsedIn" Val="synthesis"/>
        <Attr Name="UsedIn" Val="implementation"/>
        <Attr Name="UsedIn" Val="simulation"/>
      </FileInfo>
    </File>
    <File Path="$PSRCDIR/sources_1/new/sevenseg_decoder.v">
      <FileInfo>
        <Attr Name="UsedIn" Val="synthesis"/>
        <Attr Name="UsedIn" Val="implementation"/>
        <Attr Name="UsedIn" Val="simulation"/>
      </FileInfo>
    </File>
    <File Path="$PSRCDIR/sources_1/new/TOP_module.v">
      <FileInfo>
        <Attr Name="UsedIn" Val="synthesis"/>
        <Attr Name="UsedIn" Val="implementation"/>
        <Attr Name="UsedIn" Val="simulation"/>
      </FileInfo>
    </File>
    <Config>
      <Option Name="DesignMode" Val="RTL"/>
      <Option Name="TopModule" Val="TOP_module"/>
    </Config>
  </FileSet>
  <FileSet Name="constrs_in" Type="Constrs" RelSrcDir="$PSRCDIR/constrs_1">
    <Filter Type="Constrs"/>
    <File Path="$PSRCDIR/constrs_1/new/sevenseg_decoder.xdc">
      <FileInfo>
        <Attr Name="UsedIn" Val="synthesis"/>
        <Attr Name="UsedIn" Val="implementation"/>
      </FileInfo>
    </File>
    <Config>
      <Option Name="TargetConstrsFile" Val="$PSRCDIR/constrs_1/new/sevenseg_decoder.xdc"/>
      <Option Name="ConstrsType" Val="XDC"/>
    </Config>
  </FileSet>
  <FileSet Name="utils" Type="Utils" RelSrcDir="$PSRCDIR/utils_1">
    <Filter Type="Utils"/>
    <File Path="$PSRCDIR/utils_1/imports/synth_1/sevenseg_decoder.dcp">
      <FileInfo>
        <Attr Name="UsedIn" Val="synthesis"/>
        <Attr Name="UsedIn" Val="implementation"/>
        <Attr Name="UsedInSteps" Val="synth_1"/>
        <Attr Name="AutoDcp" Val="1"/>
      </FileInfo>
    </File>
    <Config>
      <Option Name="TopAutoSet" Val="TRUE"/>
    </Config>
  </FileSet>
  <Strategy Version="1" Minor="2">
    <StratHandle Name="Vivado Implementation Defaults" Flow="Vivado Implementation 2022"/>
    <Step Id="init_design"/>
    <Step Id="opt_design"/>
    <Step Id="power_opt_design"/>
    <Step Id="place_design"/>
    <Step Id="post_place_power_opt_design"/>
    <Step Id="phys_opt_design"/>
    <Step Id="route_design"/>
    <Step Id="post_route_phys_opt_design"/>
    <Step Id="write_bitstream"/>
    <Step Id="write_device_image"/>
  </Strategy>
</GenRun>
